,City,Cloudiness,Country,Date,Humidity,Latitude,Longitude,Max Temp,Wind Speed
0,Busselton,44,AU,1551486333,43,-33.64,115.35,62.01,7.16
1,Saldanha,8,PT,1551486555,89,41.42,-6.55,43.4,6.15
2,Nanortalik,68,GL,1551486556,90,60.14,-45.24,32.47,12.64
3,Tadine,88,NC,1551486556,93,-21.55,167.88,80.21,26.73
4,Goderich,24,CA,1551486532,71,43.74,-81.71,25.0,1.68
5,Bandarbeyla,24,SO,1551486072,100,9.49,50.81,76.61,7.94
6,West Wendover,1,US,1551484560,41,40.74,-114.07,42.8,5.82
7,Butaritari,56,KI,1551485965,100,3.07,172.79,82.15,15.77
8,Chokurdakh,48,RU,1551485985,33,70.62,147.9,-22.39,5.37
9,Barrow,8,AR,1551485994,42,-38.31,-60.23,67.7,17.56
10,Castro,20,CL,1551484800,76,-42.48,-73.76,55.4,8.05
11,Bredasdorp,44,ZA,1551485851,82,-34.53,20.04,60.8,5.82
12,Mataura,0,NZ,1551486005,76,-46.19,168.86,60.01,10.0
13,Half Moon Bay,75,US,1551486558,71,37.46,-122.43,59.0,3.36
14,Vaini,0,IN,1551486562,71,15.34,74.49,56.05,2.35
15,Tasiilaq,48,GL,1551484200,67,65.61,-37.64,19.4,29.97
16,Platanos,1,GR,1551486358,95,35.47,23.6,57.0,14.99
17,Nizwa,0,OM,1551486564,70,22.93,57.53,54.2,2.91
18,Kieta,20,PG,1551486565,98,-6.22,155.63,82.06,3.13
19,Khatanga,8,RU,1551486566,26,71.98,102.47,-17.94,3.47
20,Yellowknife,75,CA,1551486168,52,62.45,-114.38,-7.01,6.93
21,Hobyo,80,SO,1551486568,93,5.35,48.53,76.66,10.18
22,Slave Lake,1,CA,1551484800,53,55.28,-114.77,-5.81,5.82
23,Clyde River,5,CA,1551484800,65,70.47,-68.59,3.2,12.75
24,Caravelas,36,BR,1551486573,100,-17.73,-39.27,84.08,18.01
25,Havre-Saint-Pierre,20,CA,1551484800,48,50.23,-63.6,17.6,18.34
26,Punta Arenas,75,CL,1551486190,93,-53.16,-70.91,48.2,2.24
27,Ribeira Grande,75,PT,1551481200,87,38.52,-28.7,60.8,12.75
28,East London,88,ZA,1551486578,100,-33.02,27.91,71.3,4.03
29,Yarkovo,90,RU,1551484800,85,54.81,82.6,21.2,2.24
30,Bathsheba,40,BB,1551484800,69,13.22,-59.52,78.8,24.16
31,Faanui,88,PF,1551486579,100,-16.48,-151.75,82.06,6.15
32,Pundaguitan,0,PH,1551486579,99,6.37,126.17,79.85,8.16
33,Rikitea,64,PF,1551486509,100,-23.12,-134.97,77.83,12.19
34,Avarua,76,CK,1551484800,83,-21.21,-159.78,82.4,5.82
35,Valente,88,BR,1551486580,47,-11.41,-39.46,84.35,9.51
36,Puerto Escondido,40,MX,1551483660,69,15.86,-97.07,82.4,10.29
37,Ayan,44,TR,1551486580,87,40.67,33.6,29.5,4.25
38,Kabare,32,RW,1551486582,98,-1.65,29.38,58.75,4.36
39,Mar del Plata,32,AR,1551486394,68,-46.43,-67.52,61.81,6.04
40,Hermanus,0,ZA,1551485851,95,-34.42,19.24,66.0,1.01
41,Reyes,32,BO,1551486582,80,-14.3,-67.34,79.31,4.59
42,Qaanaaq,0,GL,1551486582,71,77.48,-69.36,-17.04,4.59
43,Saint-Philippe,1,CA,1551486582,62,45.36,-73.48,21.2,2.46
44,Mandalgovi,0,MN,1551486585,66,45.76,106.27,14.38,6.38
45,San Patricio,0,PY,1551486585,76,-26.98,-56.83,68.78,2.68
46,Westerland,90,NL,1551486561,80,52.89,4.93,42.01,3.36
47,Pisco,0,PE,1551481200,30,-13.71,-76.2,71.6,20.8
48,Gloucester,90,GB,1551486548,100,51.87,-2.25,46.99,10.29
49,Provideniya,0,RU,1551486586,96,64.42,-173.23,27.25,14.54
50,Manokwari,8,ID,1551486586,98,-0.87,134.08,81.2,1.68
51,Little Current,1,CA,1551485929,79,45.98,-81.93,19.4,3.36
52,Alofi,68,NU,1551484800,74,-19.06,-169.92,86.0,8.05
53,San Quintin,0,PH,1551486587,68,17.54,120.52,72.11,4.03
54,Tsuruoka,20,JP,1551484800,42,38.61,139.81,46.4,13.87
55,Hobart,0,AU,1551486441,19,-42.88,147.33,93.99,10.29
56,Gweta,24,BW,1551486588,47,-20.21,25.26,75.35,6.15
57,Hervey Bay,90,AU,1551485709,73,-25.3,152.85,77.0,12.75
58,Jadu,0,LY,1551486588,78,31.95,12.03,40.25,6.6
59,Riyadh,0,SA,1551484800,37,24.63,46.72,50.0,8.05
60,Kattivakkam,20,IN,1551484800,88,13.22,80.32,77.0,8.16
61,Hamilton,40,BM,1551485922,88,32.3,-64.78,66.2,4.7
62,Port Elizabeth,90,US,1551486562,100,39.31,-74.98,39.0,11.41
63,Kaitangata,0,NZ,1551486591,74,-46.28,169.85,60.41,10.96
64,Sansepolcro,20,IT,1551486521,87,43.57,12.14,48.99,5.82
65,Apt,0,FR,1551486309,57,43.88,5.4,53.01,18.34
66,Iqaluit,40,CA,1551486165,63,63.75,-68.52,-7.01,20.8
67,Carnarvon,0,ZA,1551486594,73,-30.97,22.13,54.16,2.8
68,Victoria,75,BN,1551483000,94,5.28,115.24,77.0,3.8
69,Murray Bridge,0,AU,1551486314,17,-35.12,139.28,98.01,5.01
70,Nikolskoye,0,RU,1551485708,85,59.7,30.79,14.0,4.47
71,Freeport,20,BS,1551484800,78,26.54,-78.7,73.4,3.36
72,Bambous Virieux,40,MU,1551486539,88,-20.34,57.76,80.6,9.17
73,Chumikan,20,RU,1551486599,53,54.72,135.31,12.8,7.38
74,Aklavik,5,CA,1551484800,58,68.22,-135.01,3.2,12.75
75,Isangel,75,VU,1551484800,70,-19.55,169.27,84.2,11.41
76,Cape Town,0,ZA,1551486453,88,-33.93,18.42,66.99,3.36
77,Kirzhach,12,RU,1551486608,85,56.16,38.87,11.59,14.65
78,Tartagal,75,AR,1551481200,69,-22.52,-63.8,78.8,10.63
79,Sioux Lookout,75,CA,1551484800,60,50.1,-91.92,6.8,3.36
80,Hilo,75,US,1551486583,47,19.71,-155.08,75.2,11.41
81,Kavieng,32,PG,1551486611,100,-2.57,150.8,83.9,4.59
82,Puerto Ayora,20,EC,1551484800,70,-0.74,-90.35,84.2,9.17
83,Lundazi,68,ZM,1551486612,96,-12.29,33.17,65.36,4.81
84,Ponta do Sol,92,BR,1551486612,90,-20.63,-46.0,68.96,4.36
85,Petropavlovsk-Kamchatskiy,68,RU,1551484800,51,53.05,158.65,12.2,8.95
86,Bojnurd,75,IR,1551484800,86,37.47,57.33,39.2,2.24
87,Ushuaia,75,AR,1551484800,71,-54.81,-68.31,51.8,8.05
88,Nouadhibou,0,MR,1551484800,68,20.93,-17.03,66.2,21.92
89,Baraboo,90,US,1551486610,85,43.47,-89.74,30.2,5.82
90,Vanimo,88,PG,1551486617,100,-2.67,141.3,82.42,9.73
91,Lebu,75,ET,1551484800,51,8.96,38.73,62.6,2.24
92,Colares,40,PT,1551486609,93,38.8,-9.45,57.99,12.75
93,Esna,88,RO,1551486622,73,45.2,27.57,41.29,5.7
94,Tucumcari,1,US,1551486022,13,35.17,-103.73,69.8,9.17
95,Madang,44,PG,1551486622,98,-5.21,145.81,79.18,4.25
96,Port Alfred,32,ZA,1551486409,83,-33.59,26.89,66.99,1.01
97,Ostrovnoy,68,RU,1551486623,89,68.05,39.51,14.65,11.07
98,Hithadhoo,80,MV,1551486624,100,-0.6,73.08,82.73,8.5
99,Atuona,0,PF,1551486625,100,-9.8,-139.03,80.71,6.71
100,Miri,36,NG,1551486626,65,10.31,9.75,71.48,1.68
101,Butembo,56,CD,1551486626,98,0.12,29.29,59.78,2.35
102,Palimbang,40,PH,1551486487,73,14.9,120.78,81.0,4.7
103,Chupa,75,PE,1551484800,66,-15.11,-69.99,53.6,6.93
104,Longyearbyen,40,NO,1551484200,65,78.22,15.63,6.8,6.93
105,Valkla,20,EE,1551486424,73,59.48,25.33,24.01,8.05
106,Dikson,48,RU,1551486630,83,73.51,80.55,-2.5,22.7
107,Camara de Lobos,40,PT,1551486609,63,32.63,-16.97,62.6,10.29
108,Nhulunbuy,90,AU,1551484800,88,-12.18,136.78,77.0,6.93
109,Bonthe,8,SL,1551486632,82,7.53,-12.5,78.19,4.47
110,Talara,24,PE,1551486633,59,-4.58,-81.27,81.11,8.95
111,Kapaa,40,US,1551486209,44,22.08,-159.32,75.2,14.99
112,Sainte-Suzanne,75,CH,1551486631,100,47.51,6.77,45.0,8.05
113,Thompson,75,CA,1551484800,69,55.74,-97.86,-7.61,6.93
114,Nanzhou,40,TW,1551486606,88,22.49,120.51,73.4,5.82
115,Albany,90,US,1551486555,81,42.65,-73.75,32.0,4.36
116,Falmouth,92,GB,1551486602,100,50.16,-5.07,53.01,20.8
117,Aginskoye,0,RU,1551486637,55,51.11,114.54,10.06,3.36
118,Coquimbo,0,CL,1551484800,82,-29.95,-71.34,60.8,5.82
119,Anadyr,40,RU,1551486190,92,64.73,177.51,23.0,24.61
120,Paamiut,48,GL,1551486641,87,61.99,-49.67,31.66,0.56
121,Tyukhtet,36,RU,1551486645,80,56.54,89.31,9.7,2.8
122,Margate,0,AU,1551486630,19,-43.03,147.26,95.0,10.29
123,Lorengau,68,PG,1551486648,95,-2.02,147.27,83.81,6.71
124,Dunedin,0,NZ,1551486648,77,-45.87,170.5,61.27,3.36
125,Tevriz,76,RU,1551486649,86,57.51,72.4,19.87,7.05
126,Leningradskiy,0,RU,1551486650,77,69.38,178.42,18.83,20.02
127,Najran,5,SA,1551484800,32,17.54,44.22,68.0,4.81
128,Grindavik,90,IS,1551486255,100,63.84,-22.43,41.0,3.36
129,New Norfolk,0,AU,1551486630,19,-42.78,147.06,95.0,10.29
130,Valle de Allende,0,MX,1551486651,19,26.94,-105.39,78.95,3.91
131,Palestine,90,US,1551486318,100,31.76,-95.63,48.99,3.36
132,Alugan,92,PH,1551486652,93,12.22,125.48,77.83,11.41
133,Cidreira,76,BR,1551486654,81,-30.17,-50.22,73.01,12.53
134,Guerrero Negro,48,MX,1551486657,67,27.97,-114.04,65.41,11.41
135,Hami,0,CN,1551486658,50,42.84,93.51,22.75,5.93
136,Roros,44,NO,1551486000,63,62.57,11.38,26.6,10.29
137,Namibe,68,AO,1551486659,100,-15.19,12.15,76.66,8.72
138,Prince Rupert,1,CA,1551484800,75,54.32,-130.32,42.8,3.36
139,Krapina,0,HR,1551486650,89,46.16,15.87,41.0,1.12
140,Thomastown,20,IE,1551486603,100,52.53,-7.14,50.0,3.0
141,Matara,68,PE,1551486673,90,-13.74,-72.9,46.87,2.01
142,Tual,64,ID,1551486673,100,-5.67,132.75,81.7,13.65
143,Arman,0,RU,1551486674,59,59.7,150.17,3.94,8.95
144,Bismarck,32,US,1551486521,92,46.81,-100.78,12.99,5.82
145,Nizhneangarsk,36,RU,1551486678,66,55.78,109.57,5.83,1.9
146,Qasigiannguit,24,GL,1551484200,47,68.82,-51.19,33.8,17.22
147,Bartica,20,GY,1551484800,88,6.41,-58.62,75.2,6.93
148,Ambulu,32,ID,1551486679,100,-8.35,113.61,78.91,0.56
149,Bethel,90,US,1551486000,100,60.79,-161.76,37.4,12.75
150,Lalibela,0,ET,1551486680,97,12.04,39.05,48.04,2.13
151,Baghdad,0,IQ,1551484800,84,33.3,44.38,44.6,3.36
152,Srednekolymsk,80,RU,1551486681,59,67.46,153.71,-12.63,5.48
153,Byron Bay,40,AU,1551486616,65,-28.65,153.62,80.01,12.75
154,Waitati,0,NZ,1551486558,77,-45.75,170.57,61.27,3.36
155,Sydney,75,AU,1551486560,57,-33.85,151.22,82.99,4.7
156,Igarka,80,RU,1551486686,84,67.47,86.57,10.73,18.12
157,Aswan,0,EG,1551481200,32,24.09,32.9,51.8,5.82
158,Te Anau,0,NZ,1551486688,51,-45.41,167.72,62.8,3.58
159,Erdenet,0,MN,1551486691,69,49.03,104.04,15.28,6.49
160,Ojinaga,1,US,1551485771,14,29.56,-104.41,82.4,3.13
161,Bloomfield,90,US,1551486563,74,40.81,-74.19,36.0,5.59
162,Oranjemund,0,ZA,1551486693,89,-28.55,16.43,63.61,18.68
163,Mount Gambier,0,AU,1551484800,17,-37.83,140.78,93.2,14.99
164,Vila Franca do Campo,40,PT,1551486675,87,37.72,-25.43,60.8,16.11
165,Kruisfontein,36,ZA,1551486693,89,-34.0,24.73,61.45,5.7
166,Ancud,20,CL,1551484800,76,-41.87,-73.83,55.4,8.05
167,Cascavel,0,BR,1551484800,73,-24.96,-53.44,71.6,4.7
168,Jamestown,0,AU,1551486579,29,-33.21,138.6,87.5,7.94
169,Fortuna,0,ES,1551486656,81,38.18,-1.13,57.99,5.82
170,Tuktoyaktuk,5,CA,1551484800,70,69.44,-133.03,-4.01,18.34
171,Bluff,0,AU,1551486695,49,-23.58,149.07,81.61,12.75
172,Ibipeba,56,BR,1551486607,89,-11.64,-42.01,70.63,1.79
173,Xinxiang,56,CN,1551486695,85,35.3,113.88,39.04,1.45
174,Georgetown,20,GY,1551481200,83,6.8,-58.16,77.0,6.93
175,Esmeralda,0,CL,1551486697,64,-34.33,-70.9,66.76,2.13
176,Port Blair,12,IN,1551486697,100,11.67,92.75,81.2,9.73
177,Eureka,90,US,1551486508,76,40.8,-124.16,51.01,3.36
178,Nampa,75,US,1551486694,56,43.57,-116.56,44.6,11.41
179,Santa Cruz,92,US,1551486554,54,36.97,-122.03,61.0,4.7
180,Lesnoye,92,RU,1551485027,95,51.57,42.77,32.0,14.0
181,Viedma,68,AR,1551486511,77,-40.81,-62.99,59.83,19.69
182,Ilulissat,24,GL,1551484200,47,69.22,-51.1,33.8,17.22
183,Itarema,24,BR,1551486701,92,-2.92,-39.92,76.7,5.37
184,Pevek,64,RU,1551486701,95,69.7,170.27,-0.03,4.14
185,Dingle,24,PH,1551486702,81,11.0,122.67,75.22,11.07
186,Zhezkazgan,88,KZ,1551486703,77,47.8,67.71,24.82,7.94
187,Moyale,0,ET,1551486706,80,3.52,39.05,62.8,2.68
188,Santa catarina de Tepehuanes,0,MX,1551486706,15,25.34,-105.72,71.62,5.93
189,Nome,90,US,1551486687,77,30.04,-94.42,66.2,3.36
190,Saskylakh,8,RU,1551486707,43,71.97,114.09,-27.97,3.36
191,Vestmannaeyjar,92,IS,1551486577,100,63.44,-20.27,38.18,8.95
192,Pala,75,IN,1551484800,88,9.71,76.68,78.8,2.24
193,Koulikoro,0,ML,1551484800,15,12.86,-7.56,66.2,6.93
194,Sao Filipe,0,CV,1551486707,87,14.9,-24.5,72.43,17.22
195,Dera Ghazi Khan,92,PK,1551486708,95,30.03,70.64,54.65,9.28
196,Biankouma,0,CI,1551486708,60,7.74,-7.61,66.08,3.58
197,Beringovskiy,12,RU,1551486709,88,63.05,179.32,26.44,18.57
198,Maragogi,32,BR,1551486710,90,-9.01,-35.22,77.83,4.81
199,Mineros,40,BO,1551484800,83,-17.12,-63.23,77.0,4.7
200,Diego de Almagro,0,CL,1551486711,62,-26.39,-70.05,68.33,2.68
201,Ahipara,0,NZ,1551486711,62,-35.17,173.16,73.69,9.62
202,Sargatskoye,68,RU,1551486711,86,55.6,73.49,13.3,8.39
203,Husavik,0,CA,1551486605,67,50.56,-96.99,3.99,4.36
204,Scalea,24,IT,1551485954,83,39.82,15.79,54.0,5.59
205,Tabou,44,CI,1551486714,95,4.42,-7.36,83.63,6.71
206,Mount Isa,0,AU,1551484800,42,-20.73,139.49,86.0,11.41
207,Kodiak,1,US,1551486702,42,39.95,-94.76,35.01,4.7
208,Abu Dhabi,40,AE,1551484800,42,24.47,54.37,66.2,20.8
209,Ugoofaaru,0,MV,1551486716,100,5.67,73.0,81.38,8.16
210,Hasaki,20,JP,1551485975,46,35.73,140.83,50.0,16.11
211,Vao,32,EE,1551486717,84,59.1,26.19,12.31,5.93
212,Manama,20,AE,1551484800,48,25.33,56.02,68.0,21.92
213,Cayenne,100,GF,1551484800,74,4.94,-52.33,78.8,9.17
214,Mahebourg,40,MU,1551486539,88,-20.41,57.7,80.6,9.17
215,Tselinnoye,32,UA,1551486719,81,45.9,34.18,32.83,11.41
216,Tiksi,48,RU,1551486721,69,71.64,128.87,-10.29,2.91
217,Jalu,24,LY,1551486723,62,29.03,21.55,45.07,5.14
218,Orapa,56,BW,1551486724,52,-21.28,25.37,76.3,8.61
219,Constitucion,5,MX,1551486615,11,23.99,-104.67,78.8,17.22
220,Ewa Beach,90,US,1551486697,56,21.32,-158.01,75.2,8.05
221,Black River,40,JM,1551485821,65,18.03,-77.85,78.8,3.36
222,Agirish,80,RU,1551486729,92,61.92,63.02,21.13,3.13
223,Hofn,92,IS,1551486731,100,64.25,-15.21,39.26,25.28
224,Bikin,0,RU,1551486733,53,46.82,134.25,23.2,3.36
225,Karratha,0,AU,1551486734,57,-20.74,116.85,84.08,4.36
226,Cabo San Lucas,5,MX,1551486323,53,22.89,-109.91,82.0,7.61
227,Fenoarivo,75,MG,1551484800,82,-18.93,47.44,68.0,8.05
228,Coolum Beach,92,AU,1551486698,62,-26.53,153.09,80.01,4.0
229,Kyrksaeterora,75,NO,1551486559,93,63.29,9.09,39.2,28.86
230,Birjand,75,IR,1551484800,93,32.86,59.22,39.2,3.91
231,Chuy,44,UY,1551486742,58,-33.69,-53.46,75.53,11.41
232,Coihaique,40,CL,1551484800,58,-45.58,-72.07,59.0,6.93
233,Tete,20,MZ,1551484800,88,-16.16,33.59,75.2,8.61
234,Enshi,92,CN,1551486744,99,30.29,109.48,39.35,3.58
235,Zhigansk,56,RU,1551486745,74,66.77,123.37,-6.78,3.58
236,Lata,88,IN,1551486747,69,30.78,78.62,35.44,2.35
237,Katsuura,20,JP,1551486282,70,33.93,134.5,48.0,6.93
238,Itoman,20,JP,1551486189,68,26.12,127.67,71.6,2.24
239,Sept-Iles,5,CA,1551486735,55,50.2,-66.38,15.01,8.05
240,Parana,75,BR,1551484800,100,-7.52,-72.89,75.2,2.57
241,Okhotsk,0,RU,1551486749,100,59.36,143.24,1.96,7.94
242,Flinders,75,AU,1551486731,73,-34.58,150.85,80.01,6.93
243,Awjilah,48,LY,1551486750,61,29.14,21.3,47.41,4.7
244,Ati,0,TD,1551486751,23,13.21,18.34,79.85,12.75
245,Bagdarin,12,RU,1551486754,51,54.44,113.59,1.73,2.35
246,Irtyshskiy,88,RU,1551486754,88,58.33,68.13,26.44,10.74
247,Penzance,92,GB,1551486647,100,50.12,-5.53,53.01,20.8
248,Coahuayana,0,MX,1551486755,28,18.62,-100.35,85.39,2.91
249,Jacareacanga,36,BR,1551486757,90,-6.22,-57.76,77.2,2.13
250,Hokitika,0,NZ,1551486757,82,-42.72,170.96,63.2,3.13
251,Rocha,0,UY,1551486757,50,-34.48,-54.34,72.52,10.18
252,Havoysund,0,NO,1551484200,66,71.0,24.66,12.2,8.05
253,Rio Grande,0,BR,1551486760,68,-32.03,-52.1,75.8,14.54
254,Marawi,68,PH,1551486760,96,8.0,124.29,69.55,1.12
255,Port Lincoln,8,AU,1551486760,82,-34.72,135.86,73.69,6.93
256,Labuhan,92,ID,1551486762,91,-2.54,115.51,75.08,0.89
257,Gashua,68,NG,1551486762,56,12.87,11.04,80.26,2.8
258,Norman Wells,5,CA,1551484800,54,65.28,-126.83,3.2,21.92
259,Zaysan,68,KZ,1551486762,62,47.47,84.87,13.25,2.91
260,Tabas,24,IR,1551486762,78,33.6,56.92,43.4,4.92
261,Szentgotthard,0,HU,1551486759,77,46.95,16.27,46.99,1.12
262,Dipalpur,92,PK,1551486764,71,30.67,73.65,54.11,11.41
263,Guarda,0,PT,1551486628,94,40.54,-7.27,44.01,3.91
264,Aktau,56,KZ,1551484800,100,43.65,51.16,28.4,2.24
265,Abu Samrah,24,SY,1551486766,91,35.3,37.18,44.44,8.61
266,Tarakan,40,ID,1551484800,78,3.3,117.63,80.6,3.36
267,Longido,92,TZ,1551486771,68,-2.73,36.7,65.86,3.58
268,Severo-Kurilsk,36,RU,1551486773,100,50.68,156.12,24.19,8.39
269,Billings,75,US,1551486400,78,45.79,-108.5,23.0,12.75
270,Cherskiy,68,RU,1551486773,77,68.75,161.3,-7.9,6.6
271,Kahului,40,US,1551486629,41,20.89,-156.47,78.01,11.41
272,Opuwo,0,NA,1551486774,90,-18.06,13.84,64.33,2.91
273,Xichang,0,CN,1551486776,22,27.88,102.25,37.96,1.9
274,Honningsvag,20,NO,1551486776,100,70.98,25.97,14.47,3.91
275,Veraval,90,FR,1551486718,93,49.65,0.71,48.2,9.17
276,Palmas de Monte Alto,48,BR,1551486777,86,-14.26,-43.16,73.33,5.7
277,Mangan,0,IN,1551486778,42,27.5,88.54,5.29,1.68
278,Northam,75,GB,1551486734,93,51.04,-4.21,51.01,13.87
279,Bethanien,0,NA,1551486780,37,-26.5,17.16,67.88,7.72
280,Genhe,44,CN,1551486782,64,50.78,121.52,8.48,2.68
281,Beira,40,ES,1551486751,87,43.2,-8.36,57.0,2.24
282,Porto Novo,75,BR,1551484800,100,-23.68,-45.44,71.6,3.36
283,Port-Gentil,40,GA,1551481200,94,-0.72,8.78,78.8,5.82
284,Uong Bi,75,VN,1551484800,94,21.03,106.78,73.4,2.24
285,Komyshuvakha,48,UA,1551486788,84,48.64,37.46,28.96,14.43
286,Talnakh,76,RU,1551486788,84,69.49,88.39,10.24,18.79
287,Tautira,40,PF,1551486784,66,-17.73,-149.15,87.8,6.93
288,Marsa Matruh,0,EG,1551481200,87,31.35,27.25,46.4,5.82
289,Santa Cruz Cabralia,0,BR,1551484800,74,-16.28,-39.02,82.4,10.29
290,Arraial do Cabo,40,BR,1551481200,94,-22.97,-42.02,75.2,4.7
291,Shetpe,56,KZ,1551486789,82,44.14,52.16,27.25,3.36
292,Bouna,36,CI,1551486789,34,9.27,-3.0,69.37,4.25
293,Klaksvik,88,FO,1551486000,100,62.23,-6.59,46.4,10.29
294,Fomboni,36,KM,1551486789,100,-12.28,43.74,82.69,7.38
295,Nemuro,75,JP,1551484800,100,43.32,145.57,32.0,11.41
296,Maceio,20,BR,1551484800,83,-9.67,-35.74,78.8,3.36
297,Aksha,0,RU,1551486790,55,50.28,113.29,7.31,2.68
298,Aksarka,44,RU,1551486790,59,66.56,67.8,-12.99,3.36
299,Mayo,5,CA,1551484800,57,63.59,-135.9,19.4,3.36
300,Finschhafen,32,PG,1551486791,83,-6.6,147.85,80.8,3.36
301,Cleburne,75,US,1551486686,75,32.35,-97.39,46.99,8.05
302,San Francisco,90,US,1551486260,62,37.78,-122.42,57.0,4.7
303,Mitu,20,IR,1551486793,80,36.2,46.09,24.55,3.58
304,Souillac,90,FR,1551486789,93,45.6,-0.6,46.99,6.93
305,Tevaitoa,88,PF,1551486794,100,-16.78,-151.5,81.65,7.61
306,Luderitz,0,NA,1551486763,75,-26.65,15.16,63.38,18.01
307,Amapa,20,HN,1551486608,65,15.09,-87.97,82.4,13.87
308,Jiwani,88,PK,1551486795,95,25.05,61.74,69.55,22.37
309,Padang,40,ID,1551484800,100,-0.92,100.36,75.2,2.24
310,Channel-Port aux Basques,44,CA,1551486530,100,47.57,-59.14,22.16,31.32
311,Cockburn Town,12,TC,1551486629,97,21.46,-71.14,78.01,16.67
312,Kupang,40,ID,1551481200,78,-10.16,123.6,82.4,3.36
313,Pachperwa,12,IN,1551486799,84,27.52,82.65,45.83,2.91
314,Haimen,92,CN,1551486782,84,31.87,121.18,46.99,1.01
315,Abbeville,90,FR,1551486682,93,50.11,1.83,46.99,4.7
316,Merauke,48,ID,1551486615,100,-8.49,140.4,80.62,5.59
317,Andilamena,80,MG,1551486800,95,-17.01,48.57,68.02,4.14
318,Shasta Lake,90,US,1551486800,65,40.68,-122.36,55.4,2.68
319,Bereda,40,ES,1551486673,87,43.27,-7.54,57.0,2.24
320,Nosy Varika,92,MG,1551486802,94,-20.58,48.53,80.35,1.68
321,Qaqortoq,44,GL,1551484200,29,60.72,-46.03,39.2,17.22
322,Roald,88,NO,1551486690,64,62.58,6.12,39.99,13.87
323,Lakes Entrance,0,AU,1551486782,34,-37.88,147.99,91.0,3.0
324,Tamandare,12,BR,1551486803,94,-8.28,-70.75,73.78,2.57
325,Yermish,64,RU,1551486804,88,54.77,42.27,23.29,11.74
326,Batagay,64,RU,1551486805,40,67.65,134.64,-26.8,2.91
327,Pandharpur,0,IN,1551486805,51,17.68,75.33,57.49,2.35
328,Broome,88,GB,1551486803,87,52.47,1.45,46.0,6.93
329,Brae,88,GB,1551484200,93,60.4,-1.35,44.6,9.17
330,Shingu,0,JP,1551484800,39,33.72,135.99,48.2,3.36
331,Bundaberg,40,AU,1551486613,83,-24.87,152.35,78.01,17.22
332,Porbandar,0,IN,1551486583,79,21.64,69.61,65.32,3.36
333,La Ronge,75,CA,1551484800,63,55.1,-105.3,-5.81,6.93
334,Vikulovo,80,RU,1551486818,91,55.07,40.96,23.56,14.09
335,Conde,76,BR,1551486829,87,-11.81,-37.61,80.71,8.16
336,Igrim,80,RU,1551486830,88,63.19,64.42,14.11,2.57
337,Strezhevoy,0,RU,1551484800,85,60.73,77.6,12.2,8.95
338,Nador,0,MA,1551484800,67,35.17,-2.93,60.8,11.41
339,Port Hardy,20,CA,1551484800,76,50.7,-127.42,42.8,2.24
340,Santana do Matos,76,BR,1551486831,82,-5.95,-36.65,74.14,5.93
341,Sesheke,0,NA,1551486832,67,-17.47,24.29,69.1,2.13
342,Rincon,1,US,1551486795,88,32.3,-81.24,64.99,10.07
343,Neosho,90,US,1551486834,53,43.31,-88.52,28.99,1.45
344,Sangamner,0,IN,1551486835,68,19.57,74.2,54.56,3.13
345,Bud,92,NO,1551486690,64,62.91,6.91,39.99,20.8
346,Gorlice,68,PL,1551486753,69,49.66,21.16,34.0,6.6
347,Ventspils,75,LV,1551484200,73,57.39,21.56,26.6,4.7
348,Paka,0,HR,1551484800,75,45.29,18.06,42.8,5.82
349,Moa,0,CU,1551486838,84,20.66,-74.95,71.62,3.58
350,Lerwick,92,GB,1551484200,87,60.15,-1.15,44.6,12.75
351,Fukue,0,JP,1551486820,100,35.03,136.69,50.0,16.11
352,Medicine Hat,75,CA,1551486747,63,50.04,-110.68,-6.0,17.22
353,Esperance,20,TT,1551486718,78,10.24,-61.45,78.01,6.93
354,Quang Ngai,8,VN,1551486843,87,15.12,108.8,62.62,2.13
355,Salalah,0,OM,1551484200,78,17.01,54.1,77.0,1.12
356,Kudahuvadhoo,12,MV,1551486844,100,2.67,72.89,81.34,10.18
357,Corning,90,US,1551486813,64,42.14,-77.05,35.6,3.36
358,Saint George,0,GR,1551486802,75,39.45,22.34,51.01,4.14
359,Sabaudia,40,IT,1551486847,93,41.3,13.03,53.01,4.7
360,Ouallam,12,NE,1551486852,18,14.32,2.08,62.62,8.61
361,Yar-Sale,36,RU,1551486853,81,66.83,70.83,-5.25,2.8
362,Sharlyk,80,RU,1551486854,95,52.93,54.74,31.43,16.22
363,Los Llanos de Aridane,36,ES,1551486698,68,28.66,-17.92,64.4,11.41
364,Fort Dodge,90,US,1551486697,85,42.5,-94.17,28.0,5.82
365,Pocone,20,BR,1551486799,85,-16.26,-56.62,78.91,5.37
366,Muros,90,ES,1551486826,100,42.77,-9.06,57.99,4.7
367,Banovici,75,BA,1551484800,93,44.41,18.52,50.0,4.7
368,Balkhash,64,KZ,1551486857,89,46.84,74.98,31.16,6.93
369,Elk Point,75,CA,1551484800,43,53.9,-110.9,-5.81,11.41
370,Ovsyanka,12,RU,1551486860,64,53.58,126.91,8.08,2.57
371,Cascais,40,PT,1551486799,93,38.7,-9.42,57.99,12.75
372,Rudnogorsk,44,RU,1551486860,77,57.27,103.75,19.28,6.15
373,Alexandria,90,US,1551486727,82,31.31,-92.44,60.01,2.91
374,Toppenish,90,US,1551486694,79,46.38,-120.31,28.0,4.7
375,Mercedes,0,UY,1551486863,58,-33.25,-58.03,75.67,11.74
376,Torbay,75,CA,1551486509,67,47.66,-52.73,19.99,18.34
377,Brindisi,0,IT,1551486855,87,40.63,17.94,51.01,6.93
378,Russell,0,AR,1551484800,35,-33.01,-68.8,84.2,1.68
379,Sao Joao da Barra,75,BR,1551481200,88,-21.64,-41.05,78.8,24.05
380,Kayseri,75,TR,1551484200,64,38.73,35.48,34.0,3.36
381,Leopold,90,US,1551486846,100,38.1,-86.58,37.99,2.35
382,Kui Buri,12,TH,1551484800,78,12.07,99.86,78.8,3.36
383,Kankon,0,IN,1551483000,88,15.02,74.02,69.8,4.7
384,Narsaq,44,GL,1551484200,29,60.91,-46.05,39.2,17.22
385,Oancea,56,RO,1551486869,77,45.35,27.73,32.6,3.36
386,Gazanjyk,24,TM,1551486869,94,39.24,55.52,39.35,8.39
387,Mutoko,12,ZW,1551486869,85,-17.4,32.23,60.19,3.47
388,Ola,0,RU,1551486869,100,59.58,151.3,3.53,9.73
389,Tuatapere,0,NZ,1551486608,76,-46.13,167.69,60.01,11.01
390,Ayr,75,GB,1551486774,93,55.46,-4.63,46.4,5.82
391,Vostok,0,RU,1551486873,58,46.45,135.83,19.73,2.91
392,Lagoa,20,PT,1551486775,87,37.14,-8.45,55.99,9.17
393,Pacific Grove,90,US,1551486731,66,36.62,-121.92,60.8,4.7
394,Biu,24,NG,1551486873,45,10.61,12.19,71.21,3.36
395,Wanaka,0,NZ,1551486874,39,-44.7,169.14,65.95,1.57
396,Ratnagiri,0,IN,1551486876,100,16.98,73.3,73.01,5.7
397,Boyolangu,8,ID,1551486876,97,-8.09,111.9,73.87,3.47
398,Chara,0,GR,1551486802,75,39.42,22.43,51.01,4.14
399,Nileshwar,8,IN,1551486877,100,12.25,75.1,80.66,3.69
400,Alabaster,90,US,1551486876,93,33.24,-86.82,60.01,5.82
401,Airai,44,TL,1551486879,91,-8.93,125.41,74.81,0.56
402,Miles City,90,US,1551486793,92,46.41,-105.84,14.0,21.92
403,Woodward,1,US,1551486696,42,36.43,-99.39,53.6,14.99
404,Puerto Baquerizo Moreno,20,EC,1551484800,78,-0.9,-89.6,82.4,4.7
405,Nadvoitsy,56,RU,1551486881,77,63.89,34.27,15.64,6.38
406,Buchen,90,DE,1551486861,100,49.52,10.63,45.0,6.93
407,Jumla,48,NP,1551486884,62,29.28,82.18,14.74,2.91
408,Tessalit,0,ML,1551486884,46,20.2,1.01,50.38,7.49
409,Saint-Francois,90,FR,1551486691,81,46.42,3.91,46.4,3.36
410,Lagdo,8,CM,1551486885,66,9.06,13.67,76.21,2.57
411,Vagamo,8,NO,1551486885,85,61.88,9.1,3.85,2.01
412,Tilichiki,8,RU,1551486886,76,60.47,166.1,-0.93,4.92
413,Westport,48,IE,1551486785,94,53.8,-9.52,46.0,1.01
414,Karachi,68,PK,1551486615,93,24.87,67.03,69.86,7.72
415,Goundam,0,ML,1551486886,50,16.42,-3.66,58.61,11.18
416,Notre-Dame-de-Gravenchon,0,FR,1551486864,87,49.49,0.57,48.2,10.29
417,Henties Bay,36,NA,1551484927,84,-22.12,14.28,66.99,1.99
418,Alyangula,40,AU,1551484800,66,-13.85,136.42,87.8,4.7
419,Tateyama,0,JP,1551486600,70,36.66,137.31,51.01,2.24
420,Uyovu,12,TZ,1551486887,86,-3.28,31.53,65.68,7.05
421,Fontenay-le-Comte,90,FR,1551486865,87,46.47,-0.81,51.8,9.17
422,Vung Tau,0,VN,1551486888,95,10.35,107.08,78.82,16.22
423,Gravelbourg,68,CA,1551486888,84,49.88,-106.56,1.46,12.41
424,Dakar,0,SN,1551484800,68,14.69,-17.45,75.2,13.87
425,Uray,36,RU,1551486889,89,60.13,64.8,25.27,8.16
426,Luwuk,12,ID,1551486515,84,-0.95,122.79,82.01,2.68
427,Lages,88,BR,1551486872,99,-27.82,-50.33,69.01,1.99
428,Charters Towers,8,AU,1551486889,80,-20.07,146.27,75.71,11.74
429,Bhojudih,0,IN,1551486889,84,23.64,86.44,47.81,2.91
430,Davenda,0,RU,1551486890,69,53.56,119.32,9.83,2.35
431,Waipawa,92,NZ,1551485716,67,-39.94,176.59,62.01,1.01
432,Hanna,32,CA,1551486844,71,51.64,-111.93,-13.01,10.0
433,Biak,12,ID,1551486878,84,-0.91,122.88,82.01,2.68
434,Canon City,92,US,1551486890,30,39.46,-117.13,46.1,8.72
435,Bang Saphan,75,TH,1551484800,94,11.21,99.51,75.2,2.24
436,Upernavik,44,GL,1551486891,100,72.79,-56.15,2.5,9.95
437,Buraydah,0,SA,1551484800,75,26.33,43.97,44.6,3.36
438,La Perla,0,AR,1551486649,88,-31.68,-64.44,81.0,4.7
439,Bow Island,75,CA,1551486747,63,49.87,-111.38,-6.0,17.22
440,The Valley,20,AI,1551486701,73,18.22,-63.06,78.8,11.41
441,Hambantota,20,LK,1551485400,100,6.12,81.12,73.4,5.82
442,San Cristobal,40,EC,1551486667,77,-0.39,-78.55,59.0,4.7
443,Sironj,0,IN,1551486894,52,24.1,77.69,52.31,8.95
444,Armidale,76,AU,1551486703,66,-30.51,151.67,63.0,5.99
445,Naryan-Mar,0,RU,1551486895,79,67.67,53.09,3.71,14.65
446,Balingasay,36,PH,1551486895,91,16.36,119.86,76.57,10.4
447,Vila Velha,20,BR,1551486594,78,-3.71,-38.6,82.4,3.36
448,Egvekinot,80,RU,1551486896,90,66.32,-179.17,23.06,12.75
449,Kenai,1,US,1551486736,50,60.55,-151.26,35.01,2.8
450,Launceston,0,AU,1551486674,36,-41.43,147.14,81.0,8.05
451,Liepaja,56,LV,1551484680,73,56.52,21.02,26.6,3.36
452,Arlit,0,NE,1551486897,48,18.74,7.39,53.17,9.73
453,Bakchar,68,RU,1551486897,85,57.02,82.07,16.63,4.81
454,Haines Junction,12,CA,1551486897,80,60.75,-137.51,16.81,2.57
455,Churapcha,56,RU,1551486897,57,62.0,132.43,-12.54,3.69
456,Kamenka,88,RU,1551485195,87,53.19,44.05,32.0,12.41
457,Vardo,90,US,1551486895,97,39.62,-77.74,34.0,4.7
458,Chicama,75,PE,1551484800,83,-7.84,-79.15,77.0,10.29
459,Sorrento,0,AU,1551486803,52,-31.82,115.75,66.0,10.29
460,Faya,0,SA,1551484800,82,18.39,42.45,57.2,6.93
461,Broken Hill,0,AU,1551484800,18,-31.97,141.45,89.6,13.87
462,Anloga,20,GH,1551484800,88,5.79,0.9,77.0,1.12
463,Bure,44,NG,1551486899,60,10.52,10.33,73.24,3.02
464,Dedza,32,MW,1551486899,95,-14.38,34.33,61.9,2.91
465,Nagornskiy,80,RU,1551486557,91,58.77,57.55,23.0,8.72
466,Sola,40,NO,1551486746,80,58.89,5.65,34.0,8.05
467,Aksu,40,KZ,1551484800,92,52.04,76.93,5.0,2.24
468,Meulaboh,44,ID,1551486876,100,4.14,96.13,78.95,5.26
469,Plyussa,0,RU,1551486901,78,58.42,29.37,8.71,4.47
470,Plouzane,90,FR,1551486784,87,48.38,-4.62,51.8,12.75
471,Berlevag,76,NO,1551486902,100,70.86,29.09,20.81,6.93
472,Nur,0,PL,1551486862,64,52.67,22.32,27.0,8.01
473,Kutum,0,SD,1551486902,22,14.2,24.66,60.41,9.28
474,The Pas,90,CA,1551484980,63,53.82,-101.24,-5.81,9.17
475,Wattegama,44,LK,1551486904,92,7.35,80.68,64.46,2.57
476,Ukiah,90,US,1551486816,50,39.15,-123.21,54.0,0.89
477,Atkinson,1,US,1551486898,69,41.42,-90.02,37.4,4.7
478,Kapit,88,MY,1551486909,92,2.02,112.94,74.68,0.56
479,Beloha,92,MG,1551486909,92,-25.17,45.06,76.84,5.37
480,Orsha,56,BY,1551486910,80,54.51,30.43,17.71,14.2
481,Sao Jose da Coroa Grande,32,BR,1551486910,90,-8.9,-35.15,77.83,4.81
482,Lloydminster,75,CA,1551484800,63,53.28,-110.01,-11.21,13.87
483,Atikokan,76,CA,1551486913,64,48.76,-91.62,12.58,2.8
484,Kununurra,0,AU,1551484800,55,-15.77,128.74,87.8,3.36
485,Whitehorse,75,CA,1551486766,62,60.72,-135.06,26.01,3.13
486,Bani Walid,0,LY,1551486916,82,31.76,14.0,41.6,9.62
487,Kushima,75,JP,1551484800,66,31.5,131.29,53.6,4.7
488,Moree,0,AU,1551486654,39,-29.46,149.84,82.4,11.41
489,Rabo de Peixe,40,PT,1551486915,87,37.8,-25.58,60.8,16.11
490,Naantali,20,FI,1551486706,86,60.45,22.03,30.0,6.93
491,Chihuahua,75,MX,1551486856,21,28.66,-106.08,78.8,14.99
492,Mahibadhoo,12,MV,1551486919,100,3.78,72.97,81.34,9.95
493,Manakara,36,MG,1551486920,93,-22.14,48.01,79.18,7.27
494,Bemidji,40,US,1551486818,85,47.48,-94.89,14.0,6.93
495,Palma Soriano,40,CU,1551484200,69,20.21,-75.99,78.8,1.12
496,Sorland,76,NO,1551486922,100,67.67,12.69,35.53,17.34
497,Great Bend,1,US,1551486764,69,38.36,-98.78,33.8,18.34
498,Voiron,90,FR,1551486916,81,45.37,5.59,46.4,2.24
499,Lompoc,90,US,1551486827,72,34.64,-120.46,61.0,4.92
500,Okhansk,0,RU,1551484800,86,57.72,55.39,28.4,8.95
501,Katherine,24,AU,1551484800,55,-14.47,132.26,86.0,8.05
502,Krasne,75,UA,1551484800,68,49.91,24.61,30.2,11.18
503,Ucluelet,20,CA,1551486525,65,48.94,-125.55,45.0,9.17
504,Fort Nelson,5,CA,1551484800,49,58.81,-122.69,1.4,4.7
505,Mulege,0,MX,1551486925,23,26.88,-111.98,81.2,3.58
506,Piopio,64,CL,1551484800,93,-42.79,-73.57,55.4,3.36
507,Alice Springs,0,AU,1551484800,24,-23.7,133.88,91.4,17.22
508,Junagarh,0,IN,1551486926,92,19.86,82.94,59.15,2.57
509,Asosa,20,ET,1551486926,38,10.07,34.53,60.41,5.03
510,Nabire,88,ID,1551486755,96,-3.36,135.5,69.5,2.35
511,Cantaura,12,VE,1551486927,45,9.31,-64.36,81.34,14.99
512,Gaoua,12,BF,1551486927,28,10.33,-3.18,68.33,7.16
513,Geraldton,90,CA,1551484800,47,49.72,-86.95,12.2,5.82
514,Lososina,0,RU,1551486928,75,49.0,140.31,19.69,4.36
515,Safranbolu,80,TR,1551486929,83,41.25,32.69,37.06,3.69
516,Aransas Pass,90,US,1551486919,100,27.91,-97.15,64.4,9.17
517,Hershey,90,US,1551486867,74,40.29,-76.65,33.8,5.82
518,Noyabrsk,76,RU,1551486929,88,63.2,75.45,16.85,14.43
519,Tolaga Bay,88,NZ,1551486930,70,-38.37,178.3,64.06,19.46
520,Sisimiut,56,GL,1551486682,67,66.94,-53.67,6.86,2.35
521,Sandnessjoen,92,NO,1551486614,86,66.02,12.63,37.4,13.87
522,Khandyga,8,RU,1551486936,35,62.65,135.58,-24.15,2.57
523,Palmer,0,AU,1551486912,12,-34.85,139.16,100.0,20.8
524,Komsomolskiy,64,RU,1551486937,75,67.55,63.78,1.87,10.74
525,San Juan del Sur,75,NI,1551481200,55,11.25,-85.87,86.0,4.7
526,Kolo,48,TZ,1551486937,92,-4.73,35.84,60.5,2.8
527,Fairbanks,1,US,1551486902,57,64.84,-147.72,35.01,4.7
528,Terney,0,RU,1551486938,74,45.05,136.61,30.13,9.17
529,Hualmay,76,PE,1551486938,73,-11.1,-77.61,73.42,4.14
530,Puerto Colombia,0,CO,1551484800,78,10.99,-74.96,78.8,13.87
531,Ninghai,90,CN,1551486805,100,29.29,121.42,50.0,4.47
532,Mason City,90,US,1551486773,92,43.15,-93.2,23.0,2.91
533,Pangody,68,RU,1551486940,78,65.85,74.49,10.28,5.7
534,Lavrentiya,0,RU,1551486940,95,65.58,-170.99,22.16,6.15
535,Betamcherla,8,IN,1551486940,86,15.47,78.17,73.01,11.86
536,Kanniyakumari,8,IN,1551486940,100,8.08,77.57,81.52,21.47
537,Makakilo City,90,US,1551486925,56,21.35,-158.09,75.2,8.05
538,Bodden Town,20,KY,1551486604,83,19.28,-81.25,80.6,11.41
539,Shimoda,75,JP,1551486911,100,34.7,138.93,55.99,16.11
540,Saint-Leu,0,RE,1551486686,69,-21.15,55.28,80.6,4.7
541,Kommunisticheskiy,88,RU,1551486943,90,61.68,64.48,21.71,4.92
542,Bahia Blanca,0,AR,1551486944,60,-38.72,-62.27,70.31,22.93
543,Natal,40,BR,1551484800,83,-5.81,-35.21,80.6,3.36
544,Ust-Nera,8,RU,1551486945,52,64.57,143.24,-33.6,2.13
545,Bidor,75,MY,1551484800,88,4.11,101.29,77.0,4.7
546,Mehran,40,IR,1551484800,100,33.12,46.17,30.2,4.7
547,Yumen,0,CN,1551486892,60,40.29,97.04,15.91,5.14
548,Coxim,76,BR,1551486946,79,-18.5,-54.75,79.4,3.36
549,Presidencia Roque Saenz Pena,0,AR,1551486939,56,-26.79,-60.44,74.81,7.49
550,Solnechnyy,0,RU,1551486947,67,50.72,136.64,13.88,2.57
551,Baykit,68,RU,1551486731,79,61.68,96.39,10.91,2.68
552,Conceicao do Araguaia,92,BR,1551486949,89,-8.26,-49.26,76.84,5.37
553,Koslan,8,RU,1551486949,84,63.46,48.9,8.48,2.57
554,Aykhal,8,RU,1551486949,46,65.95,111.51,-8.89,2.68
555,Sao Francisco,0,BR,1551484800,64,-25.65,-53.85,75.2,3.36
556,Grasse,0,FR,1551486918,93,43.66,6.92,57.0,4.7
557,Salinopolis,92,BR,1551486951,100,-0.61,-47.36,78.05,8.72
558,Pahrump,1,US,1551486728,27,36.21,-115.98,70.0,12.75
559,Alta Floresta,12,BR,1551486951,89,-9.87,-56.08,77.06,1.9
